id,split,time_seconds,status,base_width_raw_px,base_width_mm,perpendicular_height_raw_px,perpendicular_height_mm,upper_side_length_raw_px,upper_side_length_mm,lower_side_length_raw_px,lower_side_length_mm,triangle_area_raw_px2,triangle_area_mm2,triangle_perimeter_raw_px,triangle_perimeter_mm,apex_angle_deg,model,model_label,A_x_roi_px,A_y_roi_px,B_x_roi_px,B_y_roi_px,C_x_roi_px,C_y_roi_px,A_x_raw_px,A_y_raw_px,B_x_raw_px,B_y_raw_px,C_x_raw_px,C_y_raw_px,measurement_approved
V01_f0000006,train,0.2,unvalidated_triangle,127.3406419720431,,318.9185503711906,,319.1275385277015,,347.84903272570546,,20305.646470530388,,794.3172132254501,,21.45931516737606,full,TopoFiberDINO Coordinate (ours),200.51208245754242,123.69866296648979,518.1545476913452,120.89971080422401,523.8569900989532,247.52435088157654,130.91205600368784,950.9410982787382,450.02198110238777,947.5882561631969,455.96648413504926,1074.7900721154338,False
V01_f0000007,train,0.23333333333333334,unvalidated_triangle,99.99996257364502,,352.6290877868732,,358.6156650609037,,354.33690490834255,,17631.44779053295,,812.9525325428913,,16.111409317569887,full,TopoFiberDINO Coordinate (ours),185.29909685254097,129.73187863826752,542.0322703123093,129.23090904951096,524.0694218873978,227.07076370716095,110.3476498179149,963.3774612416557,468.9631916531193,963.674751196154,450.6859553842888,1061.9902390355771,False
V01_f0000009,train,0.3,unvalidated_triangle,115.95225425886875,,329.4060219869124,,329.4071197296922,,348.93661386028833,,19097.685407914487,,794.2959878488492,,19.408475948093855,full,TopoFiberDINO Coordinate (ours),184.9691982269287,120.41263282299042,510.81179022789,118.00314858555794,511.3638231754303,232.70248621702194,102.46066336279765,963.380619764233,431.86130180416933,961.3142405568994,432.2893278196324,1077.265704805711,False
V01_f0000010,train,0.33333333333333337,unvalidated_triangle,104.10489201291217,,331.5646653668382,,332.6020598912429,,340.58286544033587,,17258.751841656027,,777.289817344491,,17.74092630197606,full,TopoFiberDINO Coordinate (ours),214.90314984321594,153.77559140324593,541.6293342113495,132.289856672287,540.262638092041,234.7673624753952,118.80449474504347,1000.3868968039724,450.74916891986265,979.485616200357,449.071201410179,1083.5769845555503,False
V01_f0000011,train,0.3666666666666667,unvalidated_triangle,97.04833200184726,,307.4125576399126,,314.92243021622534,,349.0899145980602,,14916.937977687623,,761.0606768161329,,15.746064583269929,full,TopoFiberDINO Coordinate (ours),217.63858997821808,147.32619747519493,524.5780993700027,146.2995484471321,545.4203900098801,238.56351524591446,103.32830857061167,996.4361421233106,418.24819775278655,997.7012313612814,438.9349610887884,1092.5191440519804,False
V01_f0000012,train,0.4,unvalidated_triangle,107.4863129334545,,344.6425405790164,,346.17089186528693,,371.98485758310903,,18522.17798342847,,825.6420623818505,,16.718975961187155,full,TopoFiberDINO Coordinate (ours),215.69743394851685,135.96081733703613,551.0806257724762,126.44638493657112,563.7965638637543,229.8460453748703,93.91981676205518,985.3661137181458,439.92718093115695,974.7270199804835,453.30042691972164,1081.3781510563322,False
V01_f0000013,train,0.43333333333333335,unvalidated_triangle,100.77944735053966,,244.10566843483278,,278.7703760227167,,339.1244234918926,,12300.41717999826,,718.6742468651489,,15.083240116489005,full,TopoFiberDINO Coordinate (ours),216.54601228237152,141.92524552345276,488.8952031135559,149.59225058555603,534.0178527832031,237.1458113193512,87.42302883369271,979.6256235647801,366.09841134737627,986.9025548341423,412.44903912169195,1076.3906340023032,False
V01_f0000014,train,0.4666666666666667,unvalidated_triangle,107.74873196679142,,286.5245080035823,,310.71233199478513,,366.13219336549093,,15436.326207397387,,784.5932573270675,,15.74639014449035,full,TopoFiberDINO Coordinate (ours),213.61364942789078,144.7528637945652,516.6494936943054,143.66445690393448,557.6475801467896,240.4245212674141,78.95448707361336,975.9500755570182,389.6645826293882,974.7711890659413,431.72104742964154,1073.9732203402882,False
V01_f0000015,train,0.5,unvalidated_triangle,95.08228164273409,,357.02129102439494,,368.33306091105123,,357.04965708137104,,16973.199472817025,,820.4649996351563,,14.958635086157434,full,TopoFiberDINO Coordinate (ours),189.88499867916107,144.010741263628,551.2726784944534,148.75419437885284,527.1437638998032,238.87746781110764,61.83114263496424,965.0100542375089,430.16203367285607,966.2743593181099,406.4628749944302,1058.3557915415663,False
V01_f0000016,train,0.5333333333333333,unvalidated_triangle,110.5517405411746,,250.30783715946097,,313.41410552983,,390.06768773365775,,13835.983534537656,,814.0335338046624,,13.082306959579842,full,TopoFiberDINO Coordinate (ours),190.2521465420723,150.54432302713394,497.99130952358246,142.89002493023872,565.4726921319962,227.9585525393486,63.37070850072993,956.692010510284,376.6660559316622,948.0649123194157,445.6009211402521,1034.4921747737867,False
V01_f0000017,train,0.5666666666666667,unvalidated_triangle,112.10671293095821,,287.83824104852835,,318.22269859747917,,379.8152789859586,,16134.29952988966,,810.1446905143961,,15.484557449435952,full,TopoFiberDINO Coordinate (ours),181.0409458577633,155.87521344423294,491.76510512828827,141.20209962129593,543.1204525232315,238.01091313362122,58.665129743774514,950.8945954396596,376.5559492701427,936.3648754314813,428.94224259572536,1035.4789075146848,False
V01_f0000018,train,0.6,unvalidated_triangle,110.55922863187547,,352.84218660043024,,355.4403125411327,,359.27106733716056,,19504.979989663916,,825.2706085101687,,17.78720486649938,full,TopoFiberDINO Coordinate (ours),188.4947392642498,162.08698600530624,533.7322961091995,149.75716173648834,524.5791982412338,256.82075321674347,75.34067909852749,941.721908667174,430.63696208592285,931.6042471449251,420.42319844231554,1041.6906771347647,False
V01_f0000019,train,0.6333333333333334,unvalidated_triangle,103.4480397506186,,356.3063270633535,,376.84395452830057,,356.82647223946907,,18429.595542723353,,837.1184665183882,,15.909069544110194,full,TopoFiberDINO Coordinate (ours),165.6721203327179,158.3705171942711,535.2200179100037,156.0741439461708,502.78353691101074,252.19593197107315,73.77008374201539,921.6663327288122,450.57240292449706,916.0646969649424,418.34536042889965,1014.3648223983951,False
V01_f0000020,train,0.6666666666666667,unvalidated_triangle,104.69640171767854,,358.23983151374637,,389.5738151481749,,361.4917337053202,,18753.210655718332,,855.7619505711737,,15.445902169052703,full,TopoFiberDINO Coordinate (ours),178.57740142941475,147.99576625227928,560.3234814405441,159.63665395975113,517.1349450349808,252.74844467639923,95.60364000600777,892.7326341256455,485.0576308754959,902.3942305223605,441.5442955244804,997.6198897705883,False
V01_f0000021,train,0.7000000000000001,unvalidated_triangle,94.03856652085878,,385.77747612631225,,400.95109212322564,,386.0776101057601,,18138.980425476613,,881.0672687498445,,13.553688845268452,full,TopoFiberDINO Coordinate (ours),191.1973755955696,145.8040103316307,581.7217010259628,149.7558429837227,555.8708552122116,237.63010650873184,116.01923963694821,875.1927791035072,516.9614897185799,877.8555547766996,490.73570915414234,968.1631426477304,False
V01_f0000022,train,0.7333333333333334,unvalidated_triangle,133.37022892267072,,284.3507531568523,,321.83119549389625,,401.95660235341967,,18961.962521431615,,857.1580267699867,,17.047286692935728,full,TopoFiberDINO Coordinate (ours),174.981282889843,137.53460347652435,489.0775158405304,131.850466132164,552.1221559047699,245.75302004814148,107.34218628477022,845.8850469620078,429.0852402106451,838.3534041477203,494.29052403710244,954.6972433657758,False
V01_f0000023,train,0.7666666666666667,unvalidated_triangle,129.24020566970427,,275.3364757507269,,288.524934890053,,349.62795801625145,,17792.271377197743,,767.3930985760087,,20.655851746617415,full,TopoFiberDINO Coordinate (ours),192.80559861660004,134.7532421350479,474.1482512950897,128.55646759271622,514.4631395339966,247.98935651779175,128.46157869974934,823.5874498864284,416.87773616800035,815.6654448019602,458.8770875440128,937.8909955086013,False
V01_f0000024,train,0.8,unvalidated_triangle,119.43899885071413,,373.60023403790063,,378.064427730773,,413.5649317748568,,22311.21896193967,,911.0683583563439,,16.582359400524467,full,TopoFiberDINO Coordinate (ours),166.9323508143425,136.94516569375992,535.0775142908096,138.2846161723137,552.4797385931015,253.2813996076584,103.85044208701694,808.0654548885163,481.91332615756755,806.985082890395,500.5510754642563,924.9609649478813,False
V01_f0000025,train,0.8333333333333334,unvalidated_triangle,116.78472516598966,,371.42899889828465,,371.7895611289938,,394.5753149195543,,21688.616777507425,,883.1496012145377,,17.198840214386756,full,TopoFiberDINO Coordinate (ours),183.86852884292603,137.4596804380417,545.541465640068,123.63744154572487,554.8811718225479,236.94303631782532,113.28082242619422,786.6382023772007,484.8951595016533,775.2249537398993,493.61639447676157,891.6835819844596,False
V01_f0000026,train,0.8666666666666667,unvalidated_triangle,145.84955022521797,,393.40200628959775,,420.5658467547602,,393.41230367795936,,28688.752837518103,,959.8277006579375,,20.290768696566307,full,TopoFiberDINO Coordinate (ours),179.74688762426376,130.3744800388813,591.1530630588531,125.37264078855515,542.3319125175476,259.44388657808304,106.7401981371889,762.0743798143338,527.302811011914,760.4251046606505,476.2714089619177,897.0555818819133,False
V01_f0000027,train,0.9,unvalidated_triangle,147.5238655970654,,381.343089333542,,409.2800088155426,,381.34466150221857,,28128.60332860558,,938.1485359148267,,21.127576226155206,full,TopoFiberDINO Coordinate (ours),173.22838348150253,132.89344310760498,573.9734600782394,121.36168777942657,525.394161105156,257.45871663093567,99.83991265442675,750.4617420320212,509.0457107813219,742.6681295588885,458.10358520947887,881.1173648869451,False
V01_f0000028,train,0.9333333333333333,unvalidated_triangle,119.3386677081841,,367.75872063509115,,367.7592444041255,,386.4459051609047,,21943.917879329027,,873.5438172732144,,17.9875516758013,full,TopoFiberDINO Coordinate (ours),165.00570487976074,137.68619298934937,527.9359501600266,139.71839100122452,527.0777317285538,257.48875737190247,98.83255527748699,730.8524872701596,466.5868226127051,732.7657832300921,465.764546116671,852.1016180481737,False
V01_f0000029,train,0.9666666666666667,unvalidated_triangle,158.0629994404033,,306.28648856212595,,324.55422328432746,,405.2844603599495,,24206.280535099202,,887.9016830846801,,21.595615774253396,full,TopoFiberDINO Coordinate (ours),168.53865081071854,125.26967748999596,487.56726717948914,115.45443534851074,543.4694440364838,260.50007343292236,96.99327493912564,706.2709126175033,421.45553254538623,698.5451608261452,477.27265560695355,846.4247083140476,False
V01_f0000030,train,1.0,unvalidated_triangle,116.72615625657996,,383.32216635579965,,390.9049705286837,,385.4144371891222,,22371.8615433289,,893.0455639743859,,17.27654058011269,full,TopoFiberDINO Coordinate (ours),177.83749896287918,132.08390772342682,564.5314090251923,124.29458275437355,544.1792149543762,237.97933012247086,107.5812876373973,700.001939647129,498.46811691730073,696.2359497992061,476.6924301824824,810.9129528192649,False
V01_f0000031,train,1.0333333333333334,unvalidated_triangle,87.45843327670717,,369.0112489863308,,369.07042030123574,,377.764478835406,,16136.572848912696,,834.2933324133489,,13.384141675596403,full,TopoFiberDINO Coordinate (ours),187.12271112203598,131.44714012742043,547.489564538002,147.67031371593475,542.1166836023331,232.98373818397522,118.35333731822747,701.7633623647384,487.0525072780162,718.3132026145304,481.5668732328381,805.5994293077414,False
V01_f0000032,train,1.0666666666666667,unvalidated_triangle,93.63237401231162,,348.6892175823965,,384.88042995739147,,355.51010259510474,,16324.299617367627,,834.0229065648078,,13.804455548494515,full,TopoFiberDINO Coordinate (ours),196.84629797935486,159.0208299458027,576.1149603128433,156.89849853515625,537.5217036008835,240.7081425189972,126.94810018002839,720.3217494225385,511.8192570641097,717.6500527901727,472.77007782262285,802.7510696098773,False
V01_f0000033,train,1.1,unvalidated_triangle,84.56358378041256,,392.6142086325486,,392.893885713328,,398.7603538328316,,16600.43226253945,,876.2178233265722,,12.234612690698654,full,TopoFiberDINO Coordinate (ours),181.54656398296356,159.47659313678741,569.0467708110809,150.78040212392807,567.7707815170288,234.1943308711052,109.24832629533313,713.6980044778979,502.0360471832586,704.5650011062337,500.81107454249786,789.1197120561047,False
V01_f0000034,train,1.1333333333333333,unvalidated_triangle,74.87790562345816,,364.2281837844386,,382.13790506844106,,366.49940621794724,,13636.321785407385,,823.5152169098465,,11.228977022956538,full,TopoFiberDINO Coordinate (ours),183.32710999250412,155.7808667421341,562.1024540662766,169.7448268532753,537.0393990278244,239.65758830308914,110.0376497958375,697.7739962152405,491.89588121304575,712.3914374762394,466.528016811179,782.8412224740945,False
V01_f0000035,train,1.1666666666666667,unvalidated_triangle,108.74472318953109,,297.83139419985923,,304.6426627956955,,344.33242697540305,,16193.796259707904,,757.7198129606296,,17.9840466172963,full,TopoFiberDINO Coordinate (ours),184.8045173883438,153.6346971988678,488.6403149366379,145.10683715343475,514.4223314523697,250.49854069948196,112.65573302731923,683.4779481994573,417.18981058275426,675.344830549249,442.88648401169655,781.0098474481925,False
V01_f0000036,train,1.2,unvalidated_triangle,87.5817603204545,,356.1832892588951,,360.6973570931387,,357.5034945160466,,15597.579735011836,,805.7826119296398,,13.999631001607455,full,TopoFiberDINO Coordinate (ours),184.35225695371628,155.11803701519966,542.3986939191818,159.14663672447205,527.7215703725815,244.84243243932724,111.53281536071107,678.8592186698329,472.2045387656132,683.159375656849,457.3617692068838,769.4742465230908,False
V01_f0000037,train,1.2333333333333334,unvalidated_triangle,76.73818309720961,,381.91042369408325,,388.1340162035329,,381.98426998389385,,14653.55601008473,,846.8564692846363,,11.400875001502897,full,TopoFiberDINO Coordinate (ours),185.41334199905396,172.84824326634407,571.9212181568146,168.57969760894775,559.1219656467438,243.92158538103104,114.76727725875308,687.3994042162851,502.88128858066466,683.4587507299398,489.9616097268281,759.1015338845448,False
V01_f0000038,train,1.2666666666666668,unvalidated_triangle,92.92656681642511,,357.31963753862817,,358.90983493573805,,362.18695901701903,,16602.243586277065,,814.0233607691821,,14.799299883261902,full,TopoFiberDINO Coordinate (ours),169.05439603328705,178.25739830732346,527.6540896892548,172.9033961892128,520.3038399219513,265.46864211559296,102.22539803103804,683.9675704272365,461.1035360100596,679.1976968116046,453.59593872839895,771.8204953190127,False
V01_f0000039,train,1.3,unvalidated_triangle,101.47873114646414,,401.02198097799055,,416.5083664650182,,401.1739312528301,,20347.60089574398,,919.1610288643125,,14.096114318021522,full,TopoFiberDINO Coordinate (ours),160.40018570423126,172.09312319755554,576.6021099090576,169.3202331662178,549.8583812713623,267.13646203279495,97.28612498259952,672.136857853268,513.7885685574669,669.9156348743006,486.89564840962066,767.7660499016163,False
V01_f0000040,train,1.3333333333333335,unvalidated_triangle,98.81448199471188,,372.96557000824055,,373.24103856594076,,389.7520091805652,,18427.19980111337,,861.8075297412178,,14.675514860331765,full,TopoFiberDINO Coordinate (ours),151.61125126481056,178.48476022481918,524.7947268486023,171.4516058564186,530.4505171775818,270.10640501976013,93.01907626006872,674.4269143833753,466.19705545296677,667.5662500360238,471.8071573565271,766.2213492884948,False
V01_f0000041,train,1.3666666666666667,unvalidated_triangle,90.68871794378332,,368.41461980741394,,412.40010737024693,,380.37472242190233,,16705.524771040364,,883.4635477359326,,12.297645680728575,full,TopoFiberDINO Coordinate (ours),161.69105970859528,185.52174791693687,573.7485910654068,185.17843633890152,533.0965491533279,266.16116613149643,109.15415886081763,677.4194355916302,521.5540072274828,676.9572385093834,480.8914926681208,758.0189648171593,False
V01_f0000042,train,1.4000000000000001,unvalidated_triangle,102.34263023759127,,328.13252275467886,,331.1377728603549,,359.49559536422174,,16790.97272260505,,792.9759984621679,,16.38559750650576,full,TopoFiberDINO Coordinate (ours),161.58509355783463,174.2682047188282,492.5878599882126,164.52272236347198,509.32376873493195,265.49032330513,111.13898546428153,661.6669690336078,442.1702061803536,653.2672353388299,458.49514983289,754.2994588058498,False
V01_f0000043,train,1.4333333333333333,unvalidated_triangle,118.92086465362618,,306.8402458256536,,307.4767575450412,,336.73025456044326,,18244.85367205897,,763.1278767591106,,20.63616997033478,full,TopoFiberDINO Coordinate (ours),167.00262862443924,167.19692945480347,474.93019807338715,159.18298065662384,485.68245327472687,277.8323292732239,123.634758274366,652.6559978522519,430.9941917506953,644.162760335146,441.9173033142777,762.5809079466317,False
V01_f0000044,train,1.4666666666666668,unvalidated_triangle,103.55190722269046,,322.24054402338896,,323.73483425419596,,330.2919297603191,,16684.311459049637,,757.5786712372055,,18.183973629069822,full,TopoFiberDINO Coordinate (ours),185.36454212665558,166.1466881632805,507.41388058662415,155.70073574781418,500.8536193370819,258.5586905479431,143.64279476637432,652.8182702522728,467.1987704489321,642.0584603236632,460.6921881169234,745.4057480278574,False
V01_f0000045,train,1.5,unvalidated_triangle,112.95793542239821,,366.04172192507156,,370.77670535608036,,369.98764154092527,,20673.658593557837,,853.7222823194039,,17.54189447537733,full,TopoFiberDINO Coordinate (ours),173.9118314385414,159.17139127850533,544.4484384059906,150.24695545434952,529.1495535373688,262.12327927351,134.78885155825367,640.92500235353,505.48423193902033,633.1596820724113,489.82902392419373,745.0275042417161,False
V01_f0000046,train,1.5333333333333334,unvalidated_triangle,127.67331376308013,,392.56537577167535,,394.33120629397393,,402.83890819952734,,25060.06119670928,,924.8434282565814,,18.391887114909906,full,TopoFiberDINO Coordinate (ours),162.96530079841614,149.87758174538612,556.8393104076385,135.71184128522873,549.3502032756805,263.09962570667267,127.93674224982715,631.1831059349008,522.0136458687285,617.0235052555115,514.5163499110535,744.4764989456125,False
V01_f0000047,train,1.5666666666666667,unvalidated_triangle,115.87588771383524,,310.0371381817717,,338.69209881133247,,399.67137001713,,17962.914305534898,,854.2393565422977,,15.390641250198044,full,TopoFiberDINO Coordinate (ours),176.37156727910042,159.00732949376106,515.225056886673,151.72871947288513,564.1733767986298,256.8490505218506,143.94155798363903,637.7117233402063,482.5653170106695,630.908222797913,531.3332014546957,736.0220411108421,False
V01_f0000048,train,1.6,unvalidated_triangle,105.76949807418362,,374.067699587989,,396.18459583463226,,374.8856544598759,,19782.47641559305,,876.8397483686919,,15.449429270279815,full,TopoFiberDINO Coordinate (ours),179.49935439229012,166.45963490009308,575.5470436811447,156.84222802519798,543.1382342576981,257.5185298919678,148.88668174431857,643.371379819938,544.9735612097456,634.5726360464689,512.3549472376897,735.1868137025365,False
V01_f0000049,train,1.6333333333333333,unvalidated_triangle,111.72653575223647,,403.8776183042862,,411.7138194301892,,405.1261806111957,,22561.923580500974,,928.5665357936214,,15.695990238368505,full,TopoFiberDINO Coordinate (ours),168.87565463781357,150.03814548254013,580.7689297199249,142.42299646139145,561.092141866684,252.47206538915634,140.08222330090376,625.8381278813812,551.7265605184482,618.2744815039413,532.0491797670823,728.2545682376839,False
V01_f0000050,train,1.6666666666666667,unvalidated_triangle,135.10369348336627,,387.8644091786239,,411.9173987480482,,387.88106316419913,,26200.95712538788,,934.9021553956136,,19.145806788892955,full,TopoFiberDINO Coordinate (ours),175.26698940992355,135.4634128510952,585.5391796827316,125.33007189631462,543.3592072725296,253.1556934118271,145.2314863069333,612.9455071330065,557.0234587254578,602.7811162009491,514.685234441607,731.0795291191833,False
V01_f0000051,train,1.7000000000000002,unvalidated_triangle,114.49530128197331,,377.1397860045772,,378.26036951770715,,386.6881403597381,,21590.366712006504,,879.4438111594186,,17.170426043821557,full,TopoFiberDINO Coordinate (ours),165.61425477266312,143.2085931301117,543.599560379982,151.04130282998085,532.4355281591415,264.9320438504219,135.79879538448762,619.8749541441647,513.9811702843633,627.5559998257258,502.8583209862063,741.5097458770967,False
V01_f0000052,train,1.7333333333333334,unvalidated_triangle,125.68710175645668,,351.04746703019055,,353.68232887709297,,389.513150756584,,22061.069354984968,,868.8825813901337,,18.679468628499166,full,TopoFiberDINO Coordinate (ours),154.14673429727554,139.69151303172112,507.9777513742447,141.76279306411743,522.5668653249741,266.65567606687546,124.49844392919698,617.7396902679689,478.1773210904291,619.3022554327722,492.93928169687,744.1194500294774,False
V01_f0000053,train,1.7666666666666668,unvalidated_triangle,95.57877835949685,,375.4499852447655,,375.49293024793667,,386.0630647793387,,17942.525462392903,,857.1347733867722,,14.33226477752065,full,TopoFiberDINO Coordinate (ours),160.78002053499222,160.6050655245781,536.401504278183,154.8302136361599,536.4252798557281,250.45301020145416,130.29046310418212,639.547282954159,505.73479874300324,633.5064632327936,505.82694855483714,729.085197170349,False
V01_f0000054,train,1.8,unvalidated_triangle,91.71842929492502,,393.3160216754404,,397.2699392258784,,394.94271358645597,,18037.16386230004,,883.9310821072594,,13.292414405264934,full,TopoFiberDINO Coordinate (ours),168.80914795398712,166.2304289638996,565.9621893167496,156.5937101840973,555.2606819868088,247.68568575382233,136.80914795398712,647.2304289638996,533.9621893167496,637.5937101840973,523.2606819868088,728.6856857538223,False
V01_f0000055,train,1.8333333333333335,unvalidated_triangle,90.14316466549701,,385.69608089670726,,389.61065347364337,,412.13391835946385,,17383.93266555437,,891.8877364986042,,12.505034431812222,full,TopoFiberDINO Coordinate (ours),164.2858443260193,152.85629779100418,553.7520316839218,155.49487620592117,565.8891643285751,244.78556960821152,131.73325400675566,637.1490339492789,521.3367527323195,639.510194883865,533.5419179890043,728.8232626677449,False
V01_f0000056,train,1.8666666666666667,unvalidated_triangle,97.34570379113052,,316.0650055277497,,321.7260876212042,,353.1041081476708,,15383.785203423176,,772.1758995600055,,15.71393677211831,full,TopoFiberDINO Coordinate (ours),194.0800894498825,155.45359253883362,516.0239362716675,148.46954494714737,536.293315410614,243.77240985631943,160.265494457825,644.5040858808995,481.89903456356984,636.7877826796883,502.3685403225683,731.9570286605873,False
V01_f0000057,train,1.9000000000000001,unvalidated_triangle,74.07390320245243,,340.2865786594364,,340.2937756109764,,347.7914909313488,,12603.177544356402,,762.1591697447776,,12.296995507235215,full,TopoFiberDINO Coordinate (ours),207.66191309690475,163.70145231485367,548.6093642711639,169.38594728708267,546.8893311023712,243.5925230383873,172.66033790718797,656.241916047402,512.9110852830273,661.65325874181,511.25149596802953,735.7085684700924,False
V01_f0000058,train,1.9333333333333333,unvalidated_triangle,88.42628894087683,,352.7055605439825,,374.77130567294046,,354.7758686091065,,15594.22190385806,,817.9734632229238,,13.566303656471986,full,TopoFiberDINO Coordinate (ours),197.30997169017792,160.04830598831177,572.5947263240814,162.81594336032867,542.0452070236206,245.92912942171097,162.5200391947031,657.0444092486836,537.2844395032757,659.3194514804878,506.8858101042376,742.356382460115,False
V01_f0000059,train,1.9666666666666668,unvalidated_triangle,87.88838033627871,,323.9424595897295,,326.9346162464672,,326.8844509671754,,14235.389047745872,,741.7074475499213,,15.450520317509842,full,TopoFiberDINO Coordinate (ours),189.94913280010223,162.38933801651,517.8021596670151,166.09836369752884,504.9173949956894,253.29241901636124,153.9498759498978,662.7623791490537,480.8641796221335,666.4067384510465,468.0307032922935,753.3530971064026,False
V01_f0000060,train,2.0,unvalidated_triangle,85.00126384575816,,337.50209621151134,,349.29590349712385,,337.5391092441633,,14344.052364285566,,771.8362765870452,,14.082786383152001,full,TopoFiberDINO Coordinate (ours),198.70196682214737,182.30382353067398,548.6601620912552,174.55685511231422,528.5387309789658,257.3295682668686,162.72384836815152,686.2831147384425,511.93031619753043,678.3792532770412,491.8929105808299,760.9850474535275,False
V01_f0000061,train,2.033333333333333,unvalidated_triangle,104.06633888811554,,347.9469438556897,,378.6159026403288,,350.8715842074954,,18104.782287185157,,833.5538257359397,,15.817186924829837,full,TopoFiberDINO Coordinate (ours),180.43861457705498,186.22228503227234,561.8402733802795,182.5365163385868,521.4397730827332,279.2762741446495,148.9337468866297,690.1744197696247,527.5093606173118,684.6511579988698,487.8792539693314,780.876193912845,False
V01_f0000062,train,2.066666666666667,unvalidated_triangle,96.39885192669807,,350.849413360549,,351.27416433448286,,368.80313544352407,,16910.740323556223,,816.476151704705,,15.133377277917731,full,TopoFiberDINO Coordinate (ours),168.7035439312458,175.86974054574966,521.7784252166748,171.79331928491592,527.6591844558716,268.5141786932945,133.44483949774767,679.8340161397538,484.7017138550878,676.348797982881,490.3959003660445,772.5793279240795,False
V01_f0000063,train,2.1,unvalidated_triangle,103.56334100418734,,358.66732188659194,,358.9814255375461,,377.76024297650514,,18572.393081799873,,840.3050095182386,,15.897133483075132,full,TopoFiberDINO Coordinate (ours),173.18799996376038,176.3610653579235,533.9393833875656,172.0687374472618,539.529341340065,275.99984407424927,140.3617646899112,680.2168602003289,499.3142666265524,675.6599715255447,504.95877664770256,779.0693768355586,False
V01_f0000064,train,2.1333333333333333,unvalidated_triangle,100.74386295883649,,347.4240810561978,,347.8151749605916,,366.6703629789814,,17500.422005262644,,815.2294008984096,,15.92889958428387,full,TopoFiberDINO Coordinate (ours),162.6352523267269,178.38726192712784,511.7644616365433,165.83255678415298,520.1910058259964,266.67091995477676,131.80911760414412,682.0806680661383,479.35942032933434,668.5092639937669,488.0584365741758,768.8768535844351,False
V01_f0000065,train,2.166666666666667,unvalidated_triangle,108.55289449988646,,327.908975185243,,329.07691154276597,,337.7297820654059,,17797.734194424786,,775.3595881080582,,18.67977507211546,full,TopoFiberDINO Coordinate (ours),178.42686855793,177.7544505894184,508.551362156868,162.41519898176193,504.42669904232025,271.3530957698822,148.0864518018269,681.6122644484595,476.7528627746323,665.1804657404548,473.0278071109166,773.6694276886903,False
V01_f0000066,train,2.2,unvalidated_triangle,112.77901374281316,,347.6111087567676,,348.2393333923757,,372.4321931151948,,19601.619005817007,,833.4505402503837,,17.5940733667072,full,TopoFiberDINO Coordinate (ours),155.9240835905075,164.50529918074608,505.26658630371094,154.77927401661873,515.2033791542053,267.52234250307083,125.4874402537898,668.3282847617754,473.5622713817866,657.6257029806029,483.7901075906633,769.9399821586577,False
V01_f0000067,train,2.2333333333333334,unvalidated_triangle,105.70749753964456,,336.1096049436224,,336.13959998242535,,353.71351991692865,,17764.652618814434,,795.5606174389985,,17.386979453325818,full,TopoFiberDINO Coordinate (ours),176.20847231149673,164.388008415699,513.740931391716,159.03407335281372,516.8424454927444,265.1476263999939,148.75609740419682,667.9609580388096,484.8090009456211,660.3270404519394,488.6212328843931,765.9657735176997,False
V01_f0000068,train,2.2666666666666666,unvalidated_triangle,91.96307009355726,,358.14289166681027,,358.16288040409853,,370.7206723341362,,16467.959924932078,,820.846622831792,,14.362258862259463,full,TopoFiberDINO Coordinate (ours),181.76832368969917,170.61542719602585,541.5574580430984,159.09726172685623,545.4907177686691,251.44149363040924,149.720066494197,668.5946866960447,507.735565993856,658.3208842173996,511.3445255925373,750.2131127878702,False
V01_f0000069,train,2.3000000000000003,unvalidated_triangle,96.36742681874993,,387.67070153696426,,405.5445327268945,,388.3349128035719,,18679.413980068424,,890.2468723492163,,13.722422242732819,full,TopoFiberDINO Coordinate (ours),178.45098128914833,166.57955199480057,589.1051666736603,167.0490950345993,560.3479063510895,260.29716432094574,149.08940213098072,659.8550317598393,554.631440529536,661.2773946600398,526.0144107678082,753.2977541425125,False
V01_f0000070,train,2.3333333333333335,unvalidated_triangle,118.16661264332338,,346.83753894991526,,351.3603947202103,,352.33051485795727,,20492.30855762911,,821.8575222214909,,19.333639895613715,full,TopoFiberDINO Coordinate (ours),186.53193047642708,155.440304428339,541.1234538555145,140.93716442584991,526.8654997348785,259.4354599714279,159.32837254649635,651.2540128604364,510.3593280384567,636.0423310223432,496.52811302280537,753.3966911236537,False
V01_f0000071,train,2.3666666666666667,unvalidated_triangle,124.68187217123176,,372.0787386845317,,402.32468339292126,,373.1581649649417,,23195.736867148964,,900.1647205290947,,17.999407519648116,full,TopoFiberDINO Coordinate (ours),177.6259412765503,159.10834819078445,584.2712321281433,160.05371510982513,536.0619530677795,276.48912370204926,152.842142115902,653.3581684128803,555.1662690805808,652.6890426225241,507.9291233368287,768.0763092948346,False
V01_f0000072,train,2.4,unvalidated_triangle,126.62611508260647,,392.8086688829316,,414.3538832849701,,392.8437096798901,,24869.91785570778,,933.8237080474667,,17.79256201553323,full,TopoFiberDINO Coordinate (ours),169.47678714990616,145.88814228773117,587.4256418943405,134.54094529151917,550.0631209611893,256.72799348831177,145.03856658201755,641.3094024415283,559.198930825193,628.6471244752662,522.5858706455931,749.8645194530436,False
V01_f0000073,val,2.4333333333333336,unvalidated_triangle,119.21605688433628,,406.29648419837696,,434.1358900112627,,407.69543753832727,,24218.532386049774,,961.0473844339263,,15.882360746909129,full,TopoFiberDINO Coordinate (ours),157.89720678329468,142.0988291501999,596.3681560754776,135.20430028438568,555.716613650322,248.55666607618332,132.51279094753974,636.2944125078262,566.5837033445754,628.7834866876484,526.5162895614649,741.06469870365,False
V01_f0000074,val,2.466666666666667,unvalidated_triangle,123.09171353338625,,412.83621523419527,,430.3272671338774,,412.8395170364876,,25408.358570907476,,966.2584977037512,,16.621012957233983,full,TopoFiberDINO Coordinate (ours),151.83035120368004,141.05696976184845,586.3268206119537,135.3849247097969,552.8096497058868,255.07541745901108,128.46879677361423,635.1155576127253,558.7320381136901,627.692620832506,526.0370563193445,746.3627860217929,False
V01_f0000075,val,2.5,unvalidated_triangle,106.79176769104117,,299.01950948625495,,319.5627310970936,,370.9470742684103,,15966.410996072611,,797.3015730565451,,15.627519662694683,full,TopoFiberDINO Coordinate (ours),163.80014324188232,153.20706367492676,487.51522064208984,150.249894708395,526.601071357727,251.12633407115936,141.57707156278263,643.1626409181863,461.1216144620515,639.7532114159596,499.8572426905956,739.2722184061689,False
V01_f0000076,val,2.5333333333333337,unvalidated_triangle,118.39077823659588,,291.3288138470305,,319.8597029910297,,384.1797795249518,,17245.322497047157,,822.4302607525774,,16.30063197669329,full,TopoFiberDINO Coordinate (ours),171.6939097046852,138.36347311735153,495.31001377105713,136.96123659610748,545.2336318492889,245.84385752677917,151.36799787447055,628.6730992559914,471.2170147419747,626.0585234967558,520.9736961248977,733.4859363354959,False
V01_f0000077,val,2.566666666666667,unvalidated_triangle,107.70419011450798,,372.14947724752096,,378.24217951106823,,374.3024213568902,,20041.02902424088,,860.2487909824665,,16.445993285438355,full,TopoFiberDINO Coordinate (ours),175.0768097639084,134.3618743121624,558.5280257463455,141.90727472305298,536.8953469991684,248.95186722278595,155.419273483698,620.9034501381338,533.5831267280245,628.6006223907641,512.177068754022,734.1561681959738,False
V01_f0000078,val,2.6,unvalidated_triangle,106.13930870204493,,388.0097422871728,,391.9770736343413,,391.2837332391514,,20591.542908009564,,889.4001155755376,,15.57584159167539,full,TopoFiberDINO Coordinate (ours),164.8136521577835,132.90565833449364,561.4541200399399,141.6373774409294,543.8715809583664,247.61684238910675,148.16404066610448,620.0276444133397,540.0656152509756,627.7206342638798,522.9436020353812,732.4698085574894,False
V01_f0000079,val,2.6333333333333333,unvalidated_triangle,91.99655792692327,,379.02654413280686,,392.2627814363122,,379.13440213604514,,17434.568711577653,,863.3937414992806,,13.559862068841747,full,TopoFiberDINO Coordinate (ours),157.86876100301743,152.20116823911667,555.9151097536087,158.0282226204872,530.5486663579941,247.87914007902145,141.86482146970954,635.7510909306401,534.0754572907514,642.1469371612936,508.9326526083481,730.6410389031853,False
V01_f0000080,val,2.666666666666667,unvalidated_triangle,102.61698175533603,,386.94193542557,,387.1637442591326,,403.8753605769362,,19853.406763970066,,893.6560865914049,,14.710503041576162,full,TopoFiberDINO Coordinate (ours),159.34721732139587,154.7207459807396,550.5939257144928,145.4888954758644,556.549108505249,249.04583394527435,149.75082437257177,639.7397297056723,536.7295486787243,627.7717807112199,543.3712272758466,730.1736022281611,False
V01_f0000081,val,2.7,unvalidated_triangle,86.19555532607325,,358.91834542586787,,360.57619882983613,,362.61683207998846,,15468.58305034903,,809.3885862358977,,13.686623465668053,full,TopoFiberDINO Coordinate (ours),162.53381901979446,159.9675491452217,528.4844866991043,159.58819538354874,520.19560110569,246.67498469352722,154.56402833800138,636.6029902203005,515.1389453349433,635.6415354777453,507.1116591729991,721.4624911636639,False
V01_f0000082,val,2.7333333333333334,unvalidated_triangle,112.04477518656843,,223.78833021528868,,298.4568545935926,,381.9450045335777,,12537.15657417478,,792.4466343137387,,12.706771143974747,full,TopoFiberDINO Coordinate (ours),172.04991900920868,162.86950930953026,473.54462134838104,162.1624454855919,548.6319910287857,246.85513973236084,167.77077240912817,640.0938096711195,466.21142257757685,636.9837645051281,541.2166153789342,720.2198906730359,False
V01_f0000083,val,2.7666666666666666,unvalidated_triangle,107.9278393592853,,347.18492770127426,,347.6994047282844,,369.6276966709095,,18735.459552454104,,825.2549407584792,,16.951291658849097,full,TopoFiberDINO Coordinate (ours),169.08620086312294,172.96117544174194,520.9986262321472,157.3212370276451,531.7863450050354,266.131192445755,163.4138117708518,643.604134477305,510.70864823560083,626.8359320296207,521.7681247306098,734.1956381041999,False
V01_f0000084,val,2.8000000000000003,unvalidated_triangle,98.0706405385115,,365.9093029363824,,379.1206499420035,,365.911080321696,,17942.479858985633,,843.102370802211,,14.991632652621972,full,TopoFiberDINO Coordinate (ours),159.18026381731033,176.31328850984573,542.4480931758881,174.24365133047104,517.0202128887177,270.0722962617874,150.62762346869985,643.2000325967865,529.7416375763167,640.9569276824204,504.6382508280994,735.7602530956324,False
V01_f0000085,val,2.8333333333333335,unvalidated_triangle,100.76578899908583,,366.9687661305184,,367.92662578705506,,388.42078296022737,,18488.948628581347,,857.1131977463683,,14.995840034304894,full,TopoFiberDINO Coordinate (ours),156.56649869680405,178.89871448278427,528.5694494247437,167.87989810109138,538.9262108802795,269.27923411130905,147.70383644349053,641.4736646338904,515.4724223310465,630.6908450900482,525.6810922379191,730.9381756846371,False
V01_f0000086,val,2.8666666666666667,unvalidated_triangle,113.22259061874522,,345.86617852793773,,346.7051672039455,,372.1321391260177,,19579.93237016927,,832.0598969487085,,17.66899339379378,full,TopoFiberDINO Coordinate (ours),163.1654452085495,168.31420361995697,513.8110593557358,163.26933726668358,523.4159930944443,277.3871049284935,155.48966198588647,628.8034605911315,502.1489106318852,623.1609173606867,511.85804311932264,735.9664481327253,False
V01_f0000087,val,2.9000000000000004,unvalidated_triangle,101.97959371168638,,334.00546968353615,,392.8058273654665,,350.04575918142064,,17030.871047904,,844.8311802585735,,14.342737075908422,full,TopoFiberDINO Coordinate (ours),180.46862125396729,168.07495057582855,577.7129188776016,174.09686744213104,522.1065381765366,260.96782833337784,173.05240901195162,624.5061389422341,565.8245043870119,629.653867271626,511.0221595174993,715.657009832835,False
V01_f0000088,val,2.9333333333333336,unvalidated_triangle,101.2239798996107,,371.28573130729535,,400.653706964778,,374.55011366058955,,18791.50970143096,,876.4278005249782,,14.503853510236224,full,TopoFiberDINO Coordinate (ours),156.72461128234863,173.59138280153275,561.5477738380432,163.71053829789162,525.4250793457031,259.42911207675934,150.71347711548609,628.5152606698095,551.192981738806,616.7017395487187,515.9351910607515,711.5868400820442,False
V01_f0000089,val,2.966666666666667,unvalidated_triangle,98.80686801118915,,344.81469704977366,,347.18189413128573,,371.8819104150863,,17035.03012985758,,817.8706725575612,,15.300568210205903,full,TopoFiberDINO Coordinate (ours),157.9385767877102,181.45639076828957,509.00424695014954,163.4763479232788,525.7338621616364,262.11076229810715,150.5293099826643,634.0549412216657,497.1689417163399,614.6582063384675,514.1521495545111,711.9945706516369,False
V01_f0000090,val,3.0,unvalidated_triangle,115.77461939281574,,318.13355914986585,,324.1491051744836,,364.51222421678824,,18415.895863328777,,804.4359487840877,,18.162970571862928,full,TopoFiberDINO Coordinate (ours),170.1457000374794,170.1364740729332,498.68284916877747,158.09496492147446,525.4051997661591,272.4344953894615,161.04385871313193,620.552336349116,484.946623311868,607.9174057709839,511.5595828259616,720.5917723387732,False
V01_f0000091,val,3.0333333333333337,unvalidated_triangle,100.64540641789465,,351.8074407410853,,352.1195552472193,,370.27193720244753,,17703.90142711296,,823.0368988675615,,15.757944797124054,full,TopoFiberDINO Coordinate (ours),173.98413217067719,161.42454743385315,531.8907377719879,165.3229370713234,535.0837578773499,267.5786688923836,164.1983958272586,609.729667412261,516.3070398715432,612.501666112619,519.7519674279675,713.0880981358008,False
V01_f0000092,test,3.066666666666667,unvalidated_triangle,100.45876041097526,,371.22217492952626,,371.9310873351036,,391.1985607385693,,18646.259765243212,,863.5884084846482,,14.851098383423652,full,TopoFiberDINO Coordinate (ours),165.46467092633247,160.9819382429123,542.3683251142502,161.79493814706802,548.4315968751907,263.4163051843643,149.69780275557028,607.6717766009504,521.6223835852809,609.8717540818561,527.2287520669524,710.1739533386892,False
V01_f0000093,test,3.1,unvalidated_triangle,108.82070626464025,,354.26874109332823,,357.0462916754239,,386.00251730852153,,19275.88730663048,,851.8695152485857,,16.243732116411007,full,TopoFiberDINO Coordinate (ours),167.89392557740211,151.9111879169941,529.3962001800537,154.79551255702972,542.2402067184448,264.22664523124695,153.51615557315662,601.5765404825122,510.5576295607435,603.4313320997053,523.5437232345726,711.4744137062091,False
V01_f0000094,test,3.1333333333333333,unvalidated_triangle,120.13464621824848,,372.0523188931708,,375.7979456275797,,410.3327142857584,,22348.18685245502,,906.2653061315866,,16.84931318264832,full,TopoFiberDINO Coordinate (ours),158.1330145597458,148.8729491829872,541.086741566658,143.1107148528099,560.1519576311111,264.0532851219177,145.28478380340022,595.070512138419,521.0219296779662,588.3108414404899,540.0779188147628,706.9245105516088,False
V01_f0000095,test,3.166666666666667,unvalidated_triangle,122.93704222575677,,386.3978979012189,,396.8017080250595,,387.77650854865846,,23751.307345112902,,907.5152587994747,,17.98201107388007,full,TopoFiberDINO Coordinate (ours),159.44696485996246,147.4846489727497,561.8343794345856,147.28086814284325,533.5354483127594,268.6941549181938,143.9381074356758,596.9289235128177,540.7374504054001,595.5589197173246,513.1842141303612,715.3684999769573,False
V01_f0000096,test,3.2,unvalidated_triangle,132.23917562593624,,401.14311559630823,,410.0636312265266,,403.907192324695,,26523.417457237723,,946.2099991771579,,18.679716955687105,full,TopoFiberDINO Coordinate (ours),154.8146731853485,149.0931361913681,572.4157601594925,136.17198541760445,548.5549701452255,268.77667754888535,140.93869828174843,596.9427261868558,550.7613152983429,582.8855487904314,527.7792770710139,713.1123720226088,False
V01_f0000097,test,3.2333333333333334,unvalidated_triangle,127.82479971532504,,373.0971682437957,,387.2751641833524,,373.86798939293226,,23845.535402559057,,888.9679532916098,,19.23123668030752,full,TopoFiberDINO Coordinate (ours),178.09607085585594,144.1122181713581,570.4164638519287,137.85071298480034,537.6908798217773,263.1542533636093,161.24540677941064,593.8110558420559,548.4713450581702,587.636469428631,516.1689333164356,711.312391167385,False
V01_f0000098,test,3.2666666666666666,unvalidated_triangle,111.41383165061427,,360.86363823030933,,371.4459243254273,,412.3116841077524,,20102.600319309928,,895.171440083794,,15.21959242551119,full,TopoFiberDINO Coordinate (ours),166.25517141819,139.28331434726715,542.761171579361,147.6379707455635,567.0909798145294,257.94609636068344,152.57435566903263,589.6375804204804,523.9511237845795,596.8049231653474,548.2622990279629,705.5339838683486,False
V01_f0000099,test,3.3000000000000003,unvalidated_triangle,100.22121007677536,,317.98435838239976,,326.32420002345356,,362.24983646104914,,15934.388591285557,,788.7952465612781,,15.640023868489417,full,TopoFiberDINO Coordinate (ours),176.60201805830002,162.383571267128,508.09463131427765,156.79210424423218,532.6377204656601,255.61297684907913,164.57587168555045,612.3246656917187,490.8312799563422,605.6245093498183,515.3448539250863,702.8015418242258,False
V01_f0000100,test,3.3333333333333335,unvalidated_triangle,65.66377163674349,,359.631418408067,,360.5327075019388,,371.0005285039652,,11807.377665872731,,797.1970076426475,,10.168789049806913,full,TopoFiberDINO Coordinate (ours),190.92250794172287,188.76636028289795,556.0644063949585,190.81773608922958,560.3911619186401,257.1811303496361,180.38263728186718,639.7014383185401,540.915311027112,639.8574536492362,545.5270838202216,705.3590754403577,False
V02_f0000003,train,0.1,unvalidated_triangle,136.3372656843367,,381.5393829007639,,420.12814729691763,,383.583478424158,,26009.01810778966,,940.0488914054123,,18.83138589635483,full,TopoFiberDINO Coordinate (ours),161.5379387140274,129.73561257123947,587.2152256965637,117.2165378332138,533.0738997459412,244.3673882484436,109.55966636549934,909.1788179869071,529.5435663262167,898.1704609375282,475.7305017541955,1023.4381906034278,False
V02_f0000004,train,0.13333333333333333,unvalidated_triangle,147.3636094394843,,336.6699781114335,,336.86045086668634,,372.19513606636315,,24806.451582206508,,856.4191963725337,,23.31008589048543,full,TopoFiberDINO Coordinate (ours),170.0040328502655,117.96122896671295,508.20642471313477,117.76265060901642,513.2678890228271,265.6267306804657,113.17738964381908,918.7544023119341,450.0336661418035,917.0773984298065,455.72171947105824,1064.3311910341276,False
V02_f0000005,train,0.16666666666666669,unvalidated_triangle,138.80629590716305,,370.6599343942653,,370.7988833395418,,392.3534105350118,,25724.966267230015,,901.9585897817167,,20.710494109857514,full,TopoFiberDINO Coordinate (ours),156.04690432548523,115.24990320205688,526.8122577667236,118.26160436868668,521.8859767913818,256.9724771976471,93.80328948489026,931.5818621113243,464.59901817823,933.1113942706388,460.2270589379729,1071.8488216500898,False
V02_f0000006,train,0.2,unvalidated_triangle,133.87708218892658,,332.8922172076626,,334.52372325626993,,347.84154531298526,,22283.319361582122,,816.2423507581818,,22.519783285865625,full,TopoFiberDINO Coordinate (ours),205.58981895446777,124.23117119073868,538.6507630348206,116.41406548023224,528.6156535148621,249.3642599582672,137.39974021473404,951.6663450581304,471.82350804970474,943.4892472661822,461.87796515642583,1076.996398055863,False
V02_f0000007,train,0.23333333333333334,unvalidated_triangle,115.47065153183627,,354.2773111123325,,373.79857095764373,,354.29713043838035,,20454.315968544044,,843.5663529278604,,17.99259952026096,full,TopoFiberDINO Coordinate (ours),187.90648698806763,125.54619550704956,558.5291218757629,116.64443242549896,524.6204352378845,226.03192710876465,117.65055822629095,963.584351795812,491.2957872450751,952.8785364846368,457.61749322334015,1063.3287237953532,False
V02_f0000008,train,0.26666666666666666,unvalidated_triangle,125.47137755693427,,357.3845672218231,,358.1005822389525,,371.886077185459,,22420.76698345546,,855.4580369813458,,19.67700391365502,full,TopoFiberDINO Coordinate (ours),166.10502004623413,113.59286177158356,519.4741058349609,120.46672028303146,509.2447328567505,243.88048338890076,90.64617163271852,957.37572064276,448.68706088726367,963.9139636553217,438.4715839073,1088.96879409424,False
V02_f0000009,train,0.3,unvalidated_triangle,116.166467227971,,299.22920245035647,,316.34648606848225,,370.7002550727783,,17380.199670050617,,803.2132083692316,,17.24235234053444,full,TopoFiberDINO Coordinate (ours),178.83726239204407,116.96260809898376,490.6591272354126,118.54416835308075,527.2649717330933,227.04180550575256,96.96057217293856,963.239792078593,413.30096708946155,965.2028998022593,450.31268992820253,1075.315480739841,False
V02_f0000010,train,0.33333333333333337,unvalidated_triangle,101.59177436900491,,338.9819339148053,,339.289827253785,,350.0032031591454,,17218.888072720918,,790.8848047819354,,16.857725884017285,full,TopoFiberDINO Coordinate (ours),211.72266125679016,152.46474248170853,544.0319609642029,130.8037737607956,546.2739014625549,230.49135768413544,116.08601270981556,1000.0543680221435,454.7724524544114,979.8285822269381,456.50372472814144,1081.4056038201952,False
V02_f0000011,train,0.3666666666666667,unvalidated_triangle,102.06889480657179,,300.08726288606636,,302.99029509733435,,332.8103260084597,,15314.787634154982,,737.8695159123658,,17.682942114171627,full,TopoFiberDINO Coordinate (ours),216.13051414489746,151.53104746341705,512.8770589828491,143.25594979524612,529.442925453186,241.8787386417389,105.47581269265491,997.6167800809901,408.402883885606,991.427397104432,424.5603877117097,1092.209311936134,False
V02_f0000012,train,0.4,unvalidated_triangle,105.52692312164754,,322.2182943711658,,324.99496427201785,,354.5485757442363,,17001.352589247206,,785.0704631379017,,17.163203190063765,full,TopoFiberDINO Coordinate (ours),222.04195618629456,138.71057188510895,538.1845307350159,131.17225164175034,554.0012812614441,232.6284602880478,100.51860279608493,985.5910034978343,425.44910023732734,979.1180880220304,441.2950708822698,1083.4485088869044,False
V02_f0000013,train,0.43333333333333335,unvalidated_triangle,99.57950133725252,,268.22720755455737,,287.415276909727,,336.285427639985,,13354.965786683279,,723.2802058869646,,16.042307380633318,full,TopoFiberDINO Coordinate (ours),210.67428946495056,137.8125777244568,490.5897331237793,144.7694075703621,523.1813335418701,236.1418571472168,83.2889872632868,979.1461397618012,370.6291301978081,985.7175672675985,404.2694948118706,1079.4427130674787,False
V02_f0000014,train,0.4666666666666667,unvalidated_triangle,94.03310512137618,,346.91187907126056,,347.1306154879408,,362.8485820577864,,16310.600596280992,,804.0123026671033,,15.01009139978459,full,TopoFiberDINO Coordinate (ours),208.71886253356934,141.79290568828583,546.2434601783752,147.4411313533783,547.9596877098083,238.86878740787506,74.09411009597406,975.5154890042037,421.15631634464444,982.4067300275618,422.6277435290399,1076.4283220200866,False
V02_f0000015,train,0.5,unvalidated_triangle,98.26699649327144,,346.3128253383913,,375.2346248566206,,349.37986423877993,,17015.56059655131,,822.881485588672,,15.045293068236628,full,TopoFiberDINO Coordinate (ours),197.93416142463684,144.7695747613907,563.5892343521118,147.1950261592865,526.1376428604126,235.32806038856506,61.835829336498676,966.2093057609027,437.0415349108341,970.867867315063,398.0873130006306,1061.084114162176,False
V02_f0000016,train,0.5333333333333333,unvalidated_triangle,88.35678619439145,,296.0617289489837,,322.07671600138127,,365.99104055641675,,13079.531442543614,,776.4245427521895,,12.821707440419486,full,TopoFiberDINO Coordinate (ours),198.7030792236328,150.42667269706726,513.0418825149536,147.1952713727951,547.8094339370728,226.11489844322205,67.46852431154292,957.7782411367932,389.54378167618347,956.8089198613757,424.5765285374374,1037.9238279483402,False
V02_f0000017,train,0.5666666666666667,unvalidated_triangle,91.43829021847336,,376.23306445962425,,377.2420537496587,,381.6151792776305,,17201.054068922356,,850.2955232457625,,13.82562481808645,full,TopoFiberDINO Coordinate (ours),182.90773272514343,157.1057648062706,551.3557934761047,151.41100430488586,546.2050080299377,240.5797758102417,60.71601408603581,950.3019533200801,437.94494919062015,947.1559022839947,432.022481958089,1038.4021915233789,False
V02_f0000018,train,0.6,unvalidated_triangle,118.63979963677063,,350.4974351075877,,374.5820120701963,,350.7576621898678,,20791.47273718311,,843.9794738968347,,18.450838752218804,full,TopoFiberDINO Coordinate (ours),196.36042714118958,170.4583648443222,564.9745631217957,150.0256371498108,529.8420166969299,261.5516834259033,76.62141654885896,939.1958049444896,451.0357598135552,927.9894083682968,412.5207858474377,1040.2034843046176,False
V02_f0000019,train,0.6333333333333334,unvalidated_triangle,101.20632152399679,,352.76334201332537,,361.2009728040667,,353.5512719381744,,17850.940106840128,,815.958566266238,,16.234512176618004,full,TopoFiberDINO Coordinate (ours),166.67609453201294,164.01266026496887,522.5047659873962,154.3222125172615,503.73260736465454,252.27768623828888,68.57498128034287,920.3522880323037,429.70709317610357,913.2995926389198,409.89380467850935,1012.5475302262053,False
V02_f0000020,train,0.6666666666666667,unvalidated_triangle,92.0662594634861,,343.7713597861182,,344.1815299819089,,360.5970146726952,,15824.871603092095,,796.8448041180901,,14.774292226799998,full,TopoFiberDINO Coordinate (ours),183.69590163230896,156.46249175071716,523.1960535049438,156.90011984109879,527.5114059448242,247.61162984371185,95.27069903922376,893.8114597881367,439.4291077048557,897.8008614259193,442.8563316126407,989.8033085014392,False
V02_f0000021,train,0.7000000000000001,unvalidated_triangle,93.98741607587372,,382.08376357945775,,383.65672903063705,,386.6553092026463,,17955.532831689132,,864.2994543091571,,14.009421303072951,full,TopoFiberDINO Coordinate (ours),195.5326795578003,151.9773360490799,571.908917427063,147.88171315193176,564.5673608779907,239.79830265045166,117.50967266721116,874.6760413037075,501.1649655252239,873.6262829886198,492.91898941550915,967.2512703510617,False
V02_f0000022,train,0.7333333333333334,unvalidated_triangle,126.02341379148022,,314.18778229606073,,328.12496182475496,,383.9210096944425,,19797.508448261982,,838.0693853106777,,18.319215904548667,full,TopoFiberDINO Coordinate (ours),182.25817680358887,144.95056462287903,503.97623777389526,134.92605805397034,543.2922577857971,252.13022375106812,111.33558655994656,847.7621295126794,439.36479344069795,839.8355914485498,478.6082117965738,959.5930753040666,False
V02_f0000023,train,0.7666666666666667,unvalidated_triangle,126.06371114496707,,287.4110384227201,,311.89526045961134,,379.09368583899203,,18116.051063798408,,817.0526574435705,,17.844510914189204,full,TopoFiberDINO Coordinate (ours),184.84892785549164,132.81672030687332,487.2277235984802,127.97977238893509,536.4962410926819,239.8435333967209,115.45026457968268,821.960979655246,427.32979494248275,818.8285624020573,477.4548591499324,934.4985118523823,False
V02_f0000024,train,0.8,unvalidated_triangle,124.42649461175543,,375.32823136755275,,375.4161576804137,,398.0465943229216,,23350.38807894725,,897.8892466150907,,18.211137589828123,full,TopoFiberDINO Coordinate (ours),175.7515025138855,140.62781828641891,540.364236831665,134.9306948184967,544.8673439025879,255.70737612247467,103.70959641461354,807.5705292578242,479.12433599787664,806.5386614581666,482.1590520115143,930.9281427662169,False
V02_f0000025,train,0.8333333333333334,unvalidated_triangle,117.14075219729409,,369.5657190795206,,369.77295409825007,,384.1276327090116,,21645.60315965446,,871.0413390045558,,17.74503549768586,full,TopoFiberDINO Coordinate (ours),185.79998016357422,138.28559458255768,547.051305770874,126.24735009670258,547.0318794250488,240.75204944610596,116.73397926295725,785.7024676685969,486.40719297464756,777.1145315592925,485.2060424057301,894.2491253506172,False
V02_f0000026,train,0.8666666666666667,unvalidated_triangle,144.89608758754446,,403.6503262897493,,423.0307621722438,,404.065858349358,,29243.676516410203,,971.9927081091463,,20.008941987338567,full,TopoFiberDINO Coordinate (ours),180.3507649898529,129.30833917856216,592.768657207489,120.97171521186829,553.226330280304,256.6154463291168,107.55508163993356,762.8733351409064,530.5678536608658,758.971995474034,488.49013128384655,897.6238670003132,False
V02_f0000027,train,0.9,unvalidated_triangle,141.22578388616998,,400.3879883762736,,410.9328696705454,,403.34260019031194,,28272.553758522976,,955.5012537470274,,19.94717803829402,full,TopoFiberDINO Coordinate (ours),169.0254682302475,133.68349432945251,574.0986371040344,124.32305938005447,545.8984923362732,260.6868153810501,101.62906172695236,749.9708139221704,512.4930653375695,742.447921345225,483.2296642373221,880.6086081932182,False
V02_f0000028,train,0.9333333333333333,unvalidated_triangle,116.74797708596523,,363.8783718505309,,363.9658953220898,,384.6620570330045,,21241.03190944206,,865.3759294410595,,17.66403001299916,full,TopoFiberDINO Coordinate (ours),171.1890149116516,138.22207313776016,531.0541105270386,141.9619135260582,532.3861169815063,257.39304065704346,105.35234441098395,729.4572602989223,469.2776933398113,734.8898807202048,470.095403945906,851.6349941212793,False
V02_f0000029,train,0.9666666666666667,unvalidated_triangle,140.5570333689427,,333.90381460669806,,339.87875199303784,,391.29314498608886,,23466.26480584546,,871.7289303480694,,20.664598457620716,full,TopoFiberDINO Coordinate (ours),172.2081971168518,123.68424475193024,506.7490482330322,117.06714707612991,535.2648210525513,252.47370100021362,106.5272244044079,705.8651478087745,446.36233081925764,700.4184511628555,474.8113220845278,838.0663153869932,False
V02_f0000030,train,1.0,unvalidated_triangle,123.74520409631398,,372.86757057866305,,384.70070426402054,,373.99863538387564,,23070.28681107671,,882.4445437442101,,18.704862540643308,full,TopoFiberDINO Coordinate (ours),175.38898587226868,129.42540633678436,556.0797500610352,124.78558778762817,527.3882389068604,243.84160590171814,112.53103412160971,700.2901369565466,497.2090456167569,696.1117002425603,468.0580308710633,816.3743040566087,False
V02_f0000031,train,1.0333333333333334,unvalidated_triangle,84.14618163076896,,364.67303228322925,,365.1893532314263,,379.09208747689917,,15342.92160517394,,828.4276223390945,,12.806188805237445,full,TopoFiberDINO Coordinate (ours),180.93697249889374,136.1663368344307,540.7443523406982,152.59282195568085,541.3718032836914,235.58288180828094,116.75027237945682,702.0477091523285,481.5524196973129,718.8601160552274,482.1522508562277,803.0041597280814,False
V02_f0000032,train,1.0666666666666667,unvalidated_triangle,98.59679950786773,,330.06337282232766,,367.1136595513213,,335.8586049322347,,16271.596097526819,,801.5690639914237,,15.303901672750836,full,TopoFiberDINO Coordinate (ours),198.2486128807068,159.5152884721756,559.9379825592041,150.75884783267975,519.5253753662109,239.12472343444824,128.62392206578778,719.8055669022945,495.65540047742445,712.0381423528233,454.37585905855235,801.5776773831232,False
V02_f0000033,train,1.1,unvalidated_triangle,83.69091254126239,,381.89094018684455,,383.9276070579392,,401.26678103261963,,15980.400637738838,,868.8853006318212,,11.973563714434581,full,TopoFiberDINO Coordinate (ours),179.49738264083862,162.93229413032532,560.8664417266846,157.32497453689575,570.6338882446289,239.8914169073105,111.19981111769522,712.9415411602135,495.0829068829075,707.0954957488038,504.9584896650595,790.2017031385175,False
V02_f0000034,train,1.1333333333333333,unvalidated_triangle,79.79952427786797,,353.136281410807,,369.2821998179268,,354.2605379721366,,14090.053630918854,,803.3422620679314,,12.439455005494285,full,TopoFiberDINO Coordinate (ours),182.41907000541687,159.69607770442963,550.8076500892639,168.33285415172577,525.7411551475525,243.91285157203674,113.6968394968682,698.8870315580646,482.87356232918853,707.7125865635767,457.71824741738453,783.4435195213979,False
V02_f0000035,train,1.1666666666666667,unvalidated_triangle,101.09031774031314,,289.7567935121531,,301.2185288029368,,342.91646917911856,,14645.80316177893,,745.2253157223686,,16.47389200543521,full,TopoFiberDINO Coordinate (ours),184.38945472240448,155.7130635380745,485.72638750076294,152.75235563516617,514.3139576911926,249.76279878616333,112.92991776558208,683.5860934355384,414.1450322250241,682.1518984031493,442.22862113092117,779.2629913585993,False
V02_f0000036,train,1.2,unvalidated_triangle,92.88717824954146,,319.62451397802425,,320.5417446854932,,340.40664666569006,,14844.509601399897,,753.8355696007247,,15.788695910959685,full,TopoFiberDINO Coordinate (ours),181.9520115852356,158.56927704811096,501.363844871521,155.30616515874863,509.3039131164551,247.52957248687744,112.16008118792134,680.4979314239656,432.6888808418748,677.6171887392265,440.54293128023374,770.1717227982007,False
V02_f0000037,train,1.2333333333333334,unvalidated_triangle,82.44588339062489,,381.94914467324026,,391.5130963599946,,381.9657536218254,,15745.067321439441,,855.924733372445,,12.155965225485604,full,TopoFiberDINO Coordinate (ours),176.03896737098694,174.4478771686554,567.1074056625366,167.43059104681015,550.4578256607056,248.09574818611145,108.77206450112094,687.6536118015111,500.22477678633135,680.7776634347238,483.52838367829844,761.5152268438492,False
V02_f0000038,train,1.2666666666666668,unvalidated_triangle,97.7889491078945,,344.0506179825328,,347.6894814408033,,347.3302164007107,,16822.174186216776,,792.8086469494085,,16.176547074342523,full,TopoFiberDINO Coordinate (ours),164.85073149204254,177.5205807685852,512.6203608512878,168.31388354301453,501.068594455719,265.47534477710724,101.20417657513515,682.9431934017591,448.7781070134027,673.9800251968745,437.16650638208245,771.0771379160749,False
V02_f0000039,train,1.3,unvalidated_triangle,106.70968529373957,,393.0734003673172,,414.58606397560214,,393.8742439899117,,20972.369425268258,,915.1699932592534,,14.88413315301815,full,TopoFiberDINO Coordinate (ours),158.1263244152069,172.60450690984726,572.1210551261902,163.28185713291168,540.5170941352844,265.07303857803345,99.02444491813054,674.0584760762254,513.4902375554223,664.0729277025227,482.00949647524527,766.0333115608223,False
V02_f0000040,train,1.3333333333333335,unvalidated_triangle,99.41969531107434,,381.91008314363046,,383.1400870162704,,388.047693479599,,18984.692051183403,,870.6074758069437,,14.79624144069421,full,TopoFiberDINO Coordinate (ours),152.27107107639313,175.25777280330658,534.0283942222595,170.4885038137436,527.3307108879089,269.3304578065872,94.06818605127215,672.9248098149649,477.189135304052,669.0953813348729,470.22002865705156,768.2705161635666,False
V02_f0000041,train,1.3666666666666667,unvalidated_triangle,99.71146628739221,,342.68850662699026,,428.26391263051636,,377.00072786049014,,17084.98673780696,,904.9761067783987,,12.218284066218665,full,TopoFiberDINO Coordinate (ours),157.007657289505,186.37275499105453,585.4251980781555,187.106578707695,525.4641795158386,266.81991732120514,104.9333598004999,677.0809523717345,533.1913532176683,679.3326041874292,472.96983675819115,758.804268725821,False
V02_f0000042,train,1.4000000000000001,unvalidated_triangle,102.36809886484312,,341.8645891136778,,342.91033143837984,,350.1256637868571,,17498.01402838897,,795.4040940900801,,16.946802550834686,full,TopoFiberDINO Coordinate (ours),162.41756916046143,173.1614202260971,504.6597647666931,166.09438920021057,498.79000425338745,268.1160936355591,113.56601292888475,661.6700030678317,456.43231655569804,656.1751650842875,450.08010529171395,758.345988107595,False
V02_f0000043,train,1.4333333333333333,unvalidated_triangle,117.01542578885599,,318.419593916716,,318.9755549991921,,346.184286192715,,18630.002180839572,,782.1752669807631,,19.720110788529713,full,TopoFiberDINO Coordinate (ours),174.33115124702454,165.76812148094177,492.67295837402344,156.8504529595375,502.8307342529297,273.23677587509155,131.1895571349312,653.0629960636755,450.0420920476214,644.2049112371272,460.18910506703446,760.779556848131,False
V02_f0000044,train,1.4666666666666668,unvalidated_triangle,104.26584711132394,,344.4866286883435,,346.7606104173049,,350.4948421942144,,17959.09507935712,,801.5212997228433,,17.189381664648117,full,TopoFiberDINO Coordinate (ours),172.05420076847076,168.398315012455,518.1136107444763,157.49004781246185,509.47489500045776,261.23769867420197,133.606243427226,653.9209016927902,480.1818550166922,642.5954264988151,471.6500184797785,746.5116169560742,False
V02_f0000045,train,1.5,unvalidated_triangle,108.92641492320223,,365.90093206380027,,366.7915233601426,,375.28124062660737,,19928.13837338397,,850.9991789099522,,16.83089778806193,full,TopoFiberDINO Coordinate (ours),173.35695505142212,158.6550794839859,539.4592595100403,151.7944736480713,533.9199471473694,260.3941196203232,137.01740918573495,642.2733917136791,503.75244068569975,635.8361345668915,498.07462520941704,744.6144700911993,False
V02_f0000046,train,1.5333333333333334,unvalidated_triangle,124.37266946565181,,379.7809383374146,,381.1625710053743,,390.7531672782856,,23617.18455659718,,896.2884077493118,,18.48980249955744,full,TopoFiberDINO Coordinate (ours),170.14479875564575,152.4181853532791,551.6141939163208,137.82512819766998,545.7700681686401,262.2517902851105,135.92456450578385,632.1597352122242,516.8574031751921,618.9280324233321,510.58557342509994,743.1424641999905,False
V02_f0000047,train,1.5666666666666667,unvalidated_triangle,109.54394537084792,,333.661423672106,,355.79192239247476,,407.00144313863115,,18275.294383548262,,872.3373109019539,,14.62002453806608,full,TopoFiberDINO Coordinate (ours),170.59966564178467,160.70950055122375,527.1059560775757,154.91022336483002,566.8880081176758,257.2268304824829,140.5179238817513,638.8052819720625,496.27354081216004,633.7226584175321,535.7684277256797,735.8991228068405,False
V02_f0000048,train,1.6,unvalidated_triangle,103.30604836805931,,382.7035217156862,,394.05689045572524,,382.81888060160514,,19767.794262493655,,880.1818194253898,,15.19359140879712,full,TopoFiberDINO Coordinate (ours),177.33851730823517,167.85637086629868,571.7193603515625,155.12792837619781,550.3207397460938,256.33527874946594,149.79351002827318,644.6630829267513,543.66170891837,632.4698545311778,522.1588470527388,733.5132440280241,False
V02_f0000049,train,1.6333333333333333,unvalidated_triangle,118.8922995110939,,411.6795470455006,,420.89949526894515,,412.86600451554733,,24472.764004962566,,952.6577992955864,,16.3593158494839,full,TopoFiberDINO Coordinate (ours),163.5401165485382,148.8080740571022,584.4509768486023,139.87000823020935,562.171061038971,256.686625123024,136.81074028555585,624.979560209184,557.6209756790704,616.3117516217903,535.2723087347305,733.0846764324956,False
V02_f0000050,train,1.6666666666666667,unvalidated_triangle,132.39212062751108,,397.04515639627317,,414.312961690269,,397.29284462176923,,26282.8251200922,,943.9979269395493,,18.62343600322224,full,TopoFiberDINO Coordinate (ours),167.3353511095047,137.60831487178802,581.7238283157349,127.09139728546143,547.1142911911011,254.94888615608215,139.90566434299967,612.9228896570615,554.1022515893953,603.1036565912228,519.2965817859468,730.8386907587634,False
V02_f0000051,train,1.7000000000000002,unvalidated_triangle,114.33755085183861,,369.41847604884987,,369.50094934981985,,384.47220911610003,,21119.201895422048,,868.3107093177584,,17.296824577114833,full,TopoFiberDINO Coordinate (ours),170.08038640022278,142.79708844423294,539.4913530349731,148.12270230054855,535.4287433624268,262.37207865715027,142.54807095186163,619.5901027426473,512.0098042933685,624.9733328796028,507.9290380583101,739.2380381990127,False
V02_f0000052,train,1.7333333333333334,unvalidated_triangle,120.35788713809933,,356.40696698987017,,357.65947048822994,,386.78827712043216,,21448.194754099542,,864.8056347467614,,18.064221806115953,full,TopoFiberDINO Coordinate (ours),154.0570306777954,140.4413222670555,511.6615104675293,146.71291410923004,519.6207046508789,266.8073445558548,126.05703067779541,618.4413222670555,483.6615104675293,624.71291410923,491.6207046508789,744.8073445558548,False
V02_f0000053,train,1.7666666666666668,unvalidated_triangle,88.62605562804805,,381.8365225809693,,382.7814516792929,,398.9243951402432,,16920.332445540706,,870.3319024475841,,12.803855109172567,full,TopoFiberDINO Coordinate (ours),160.02842903137207,159.26711010932922,542.6362180709839,158.60985988378525,549.0086603164673,246.9663393497467,131.60725510835127,639.1608270882074,514.3874072542677,638.1633939546462,520.8412205790789,726.5541515583366,False
V02_f0000054,train,1.8,unvalidated_triangle,97.87081653417368,,380.0045406600263,,380.1300268584521,,394.9547613290101,,18595.67734054519,,872.9556047216358,,14.342681545480408,full,TopoFiberDINO Coordinate (ours),173.03101301193237,166.63304525613785,552.9882574081421,145.18137741088867,561.0229539871216,242.8335108757019,143.56615299690696,647.4237964995717,523.0953013318664,626.058804490496,531.1048572678053,723.6013272319904,False
V02_f0000055,train,1.8333333333333335,unvalidated_triangle,80.78598293424423,,390.43384604401,,392.36663763029384,,408.36582413810885,,15770.791011731366,,881.5184447026469,,11.352990341742377,full,TopoFiberDINO Coordinate (ours),166.7576676607132,154.3240293264389,560.0579953193665,161.62586343288422,566.5897536277771,242.354229927063,136.8275214820459,637.4454395403598,529.1244542418642,644.8410377271787,535.6165216167562,725.365742631027,False
V02_f0000056,train,1.8666666666666667,unvalidated_triangle,96.24661148174069,,331.8468919968723,,334.04333998695614,,358.06430731566115,,15969.569442723065,,788.3542587843581,,15.487585034388955,full,TopoFiberDINO Coordinate (ours),192.41625308990479,157.3027046918869,527.463641166687,149.54212069511414,540.7371425628662,245.1872707605362,161.04761482404243,645.4322269267067,494.9897035888914,637.2082168944363,508.35939175184967,732.5217083851082,False
V02_f0000057,train,1.9000000000000001,unvalidated_triangle,74.71955802455359,,320.39688957003773,,324.25955960110423,,343.7796005162162,,11969.956990557463,,742.758718141874,,12.401340059170725,full,TopoFiberDINO Coordinate (ours),206.5229094028473,163.7793396115303,531.8819332122803,165.9988228082657,542.9142951965332,240.15733981132507,174.120682825184,655.9443721690951,498.37369000847957,658.0057613346155,509.4028268755642,731.9068471950529,False
V02_f0000058,train,1.9333333333333333,unvalidated_triangle,81.36627484278537,,345.5360207082654,,348.272803019057,,347.5964643595868,,14057.489414515552,,777.2355422214292,,13.429169403393129,full,TopoFiberDINO Coordinate (ours),199.01527762413025,160.50254034996033,548.584234714508,163.1639986038208,537.7490401268005,244.113525390625,167.28149197167215,656.6603700690853,515.5473901186201,658.853429724122,504.8588564906202,739.5146095485877,False
V02_f0000059,train,1.9666666666666668,unvalidated_triangle,88.70444532578396,,327.3128580340128,,329.9022642956067,,330.7345789537344,,14517.052759952088,,749.3412885751251,,15.432277012866765,full,TopoFiberDINO Coordinate (ours),190.64019441604614,162.01481664180756,521.9791030883789,163.6893128156662,510.39198875427246,252.0244698524475,157.6703433961655,662.4774252074305,487.56977114844676,663.8454734835128,476.11280688163595,751.8069229391921,False
V02_f0000060,train,2.0,unvalidated_triangle,84.66273037719665,,324.80032987170557,,335.3755599665056,,324.80221731332625,,13749.24137717637,,744.8405076570285,,14.621951577251965,full,TopoFiberDINO Coordinate (ours),200.94244122505188,182.04503750801086,537.2801542282104,176.0491659641266,517.5926542282104,258.65459728240967,168.47429346357055,686.3965286990771,503.78199762736267,679.6504371451433,484.3426931286674,762.0512342015365,False
V02_f0000061,train,2.033333333333333,unvalidated_triangle,95.9970447712576,,349.72018887686,,386.40132067275005,,356.332051578307,,16786.052314512297,,838.7304170223147,,14.11263254736031,full,TopoFiberDINO Coordinate (ours),182.08976089954376,183.45587342977524,569.0342688560486,181.29319059848785,528.6391854286194,268.5278517007828,147.6235008651235,689.27964602968,534.0217010778657,687.7267487378376,493.54722307732584,774.7741452261798,False
V02_f0000062,train,2.066666666666667,unvalidated_triangle,95.50764999541202,,352.1120825963448,,356.2045772039979,,354.5688699116453,,16814.698771883654,,806.2810971110553,,15.442311618435493,full,TopoFiberDINO Coordinate (ours),165.17743706703186,173.64283007383347,522.0507001876831,168.17834734916687,509.03594970703125,262.98738622665405,131.9131785036857,679.9251185214519,488.0830489670901,674.9527754962136,474.9663657338569,769.555438400622,False
V02_f0000063,train,2.1,unvalidated_triangle,101.74777231432182,,367.5175231295179,,369.10482953589894,,373.6744717778595,,18697.044632452846,,844.5270736280802,,15.730859121530461,full,TopoFiberDINO Coordinate (ours),175.34720420837402,177.0580189228058,546.4238047599792,173.46734637022018,537.9329895973206,275.4104598760605,143.7407053479338,680.3047179752084,512.8326234198142,677.2174536934641,504.25431886354977,778.6029647976995,False
V02_f0000064,train,2.1333333333333333,unvalidated_triangle,102.4667951982503,,344.6712922077088,,344.7246998809357,,361.35588141691915,,17658.68135468179,,808.5473764961052,,16.47028653410039,full,TopoFiberDINO Coordinate (ours),160.95205664634705,179.35709619522095,507.410945892334,166.3465021252632,513.0903482437134,269.24474453926086,130.77747648284642,681.4574887471194,475.2741716537603,668.9217109762892,480.8021939767962,771.2392807646505,False
V02_f0000065,train,2.166666666666667,unvalidated_triangle,109.79428157893923,,340.54221181608995,,347.96119897189755,,342.69188597610975,,18694.793746825275,,800.4473665269466,,18.27370281430271,full,TopoFiberDINO Coordinate (ours),178.61214458942413,178.88193929195404,527.7718091011047,163.8713058233261,509.77810621261597,272.6675684452057,147.47120703844325,681.4714759031103,495.1456658226729,667.3482079012116,476.97419356551546,775.6283162473097,False
V02_f0000066,train,2.2,unvalidated_triangle,109.66368524166148,,334.53241099882445,,335.10594668587675,,358.6368422935636,,18343.02851145461,,803.4064742211018,,17.773557297273275,full,TopoFiberDINO Coordinate (ours),154.13022994995117,166.19424682855606,491.20656967163086,158.90945506095886,500.0374460220337,268.8897422552109,126.46671182282392,669.2858192968746,461.4737976801155,661.1465361808425,470.5442268051975,770.434464042382,False
V02_f0000067,train,2.2333333333333334,unvalidated_triangle,106.1753640961285,,331.4910927943312,,332.0949254487162,,354.69839231648814,,17598.09373603082,,792.9686818613329,,17.38527698277043,full,TopoFiberDINO Coordinate (ours),172.71193027496338,165.6615650653839,506.49630546569824,159.09884905815125,515.0230693817139,265.4938472509384,144.95282464388004,667.6052459804612,476.9745162977941,660.6313102149414,485.5985450101105,766.4558540113339,False
V02_f0000068,train,2.2666666666666666,unvalidated_triangle,96.89545549376969,,342.2765410816305,,342.3796317401875,,353.5313961871429,,16582.52067646828,,792.8064834211001,,15.902206729598458,full,TopoFiberDINO Coordinate (ours),183.5211145877838,167.6782009601593,527.2208118438721,159.45434176921844,527.1607303619385,256.75120544433594,156.03622552055592,668.2923709281552,498.30283591038693,659.4958009828865,498.41473804788103,756.3911918601451,False
V02_f0000069,train,2.3000000000000003,unvalidated_triangle,102.55373705695335,,360.5918042385011,,390.71444614497136,,363.7571556745532,,18490.018538383818,,857.0253388764778,,15.081539963120967,full,TopoFiberDINO Coordinate (ours),182.97462344169617,162.12915301322937,576.3064312934875,162.76135802268982,536.4024138450623,257.9787219762802,156.38022287220534,660.2770090036552,547.09466810051,660.3037729680321,507.60182926622224,754.9482903219481,False
V02_f0000070,train,2.3333333333333335,unvalidated_triangle,114.19849959671673,,350.2133852508709,,351.5923864370316,,359.93502714778344,,19996.92156716819,,825.7259131815318,,18.42306023359745,full,TopoFiberDINO Coordinate (ours),186.24920189380646,155.7124839425087,540.9298038482666,141.55685424804688,535.3163909912109,256.7133979797363,160.155627603605,651.0059178643044,511.47196826999385,637.0762738894997,505.8821279515574,751.1378844136182,False
V02_f0000071,val,2.3666666666666667,unvalidated_triangle,126.78319760660085,,377.7923014057471,,408.63460216885727,,378.90047392567635,,23948.85800168867,,914.3182737011346,,18.020251554289384,full,TopoFiberDINO Coordinate (ours),179.81401205062866,158.8935830593109,592.2125029563904,156.27786827087402,544.1974854469299,274.88086557388306,154.93103585213862,653.1549377500438,563.5568552687816,650.4757968845298,516.0061421445288,768.0041291143773,False
V02_f0000072,val,2.4,unvalidated_triangle,135.3881707269969,,375.8202150658154,,399.6010512209082,,375.8204348023243,,25440.805719993652,,910.8096567502295,,19.80427655807067,full,TopoFiberDINO Coordinate (ours),171.99152827262878,146.9366602897644,575.4594326019287,132.97983187437057,533.453164100647,263.14994049072266,149.21358961178228,641.5563847416033,548.5489450581516,626.9867578631715,507.21374573224887,755.9106038711554,False
V02_f0000073,val,2.4333333333333336,unvalidated_triangle,128.42655897647998,,393.4527537981442,,436.75156262511814,,398.1794058931596,,25264.891645057913,,963.3575274947577,,16.891419155453562,full,TopoFiberDINO Coordinate (ours),156.66145026683807,141.1185908317566,597.8373312950134,129.5291650891304,544.5918202400208,247.87510061264038,134.28662387620233,635.9106801283833,570.8593052937599,623.4118283664715,518.4422916965723,740.6544730657938,False
V02_f0000074,val,2.466666666666667,unvalidated_triangle,113.5272159930698,,405.59456112864086,,409.1523852589446,,409.9628435789215,,23023.010673432782,,932.6424448309359,,15.932979577669892,full,TopoFiberDINO Coordinate (ours),147.62892544269562,143.9549309015274,562.3083972930908,141.02877581119537,547.9725551605225,255.19590532779694,126.81615939922541,635.422352454141,535.952797884737,631.8327268664783,522.0018265411326,744.4994884677023,False
V02_f0000075,val,2.5,unvalidated_triangle,105.66199901216383,,314.08274557673093,,331.19123729910547,,378.2272671806458,,16593.305376433123,,815.0805034919151,,15.362796675312433,full,TopoFiberDINO Coordinate (ours),154.58241820335388,152.98554253578186,490.4015278816223,151.43291747570038,524.8607611656189,252.8797299861908,134.0973529628414,642.340965412817,465.2854865275466,640.9071419789875,499.24005771599514,740.9648509806186,False
V02_f0000076,val,2.5333333333333337,unvalidated_triangle,113.54519486092451,,291.0716274647999,,317.0507570354472,,376.77201241308956,,16524.892329488568,,807.3679643094613,,16.06152714405166,full,TopoFiberDINO Coordinate (ours),169.01909708976746,139.871479511261,490.43877840042114,142.59280329942703,535.1783537864685,248.6569081544876,151.8382093816213,629.6646211476384,468.8862583111665,630.9750434913508,513.469043278428,735.4015083389565,False
V02_f0000077,val,2.566666666666667,unvalidated_triangle,125.39896244032143,,341.83416988448795,,342.15156047117233,,359.30117525839773,,21432.82511508168,,826.8516981698915,,20.40685525665891,full,TopoFiberDINO Coordinate (ours),184.75297272205353,134.66434836387634,531.4326739311218,125.81314384937286,529.2021489143372,252.89350652694702,166.90701588818445,621.7666392244162,508.9563105465824,613.4018106815993,506.62077316947483,738.7790217140245,False
V02_f0000078,val,2.6,unvalidated_triangle,105.59513316885196,,363.54522301666213,,364.0816151294766,,384.54908162537384,,19194.30311867221,,854.2258299237023,,15.913757003477347,full,TopoFiberDINO Coordinate (ours),170.58825016021729,133.3112044930458,539.2161297798157,143.2184767127037,542.1483063697815,250.13057446479797,154.79624391749195,619.3752768689237,518.7350086106491,629.573219254871,521.5092099006009,735.1319041469745,False
V02_f0000079,val,2.6333333333333333,unvalidated_triangle,101.4581800479413,,362.3583068846971,,405.2300926118645,,371.0728845770726,,18382.107170887382,,877.7611572368784,,14.151805427793043,full,TopoFiberDINO Coordinate (ours),158.54544281959534,149.60833948850632,568.9267230033875,156.9630171060562,521.2840104103088,248.01625442504883,145.81422522532094,635.2579950883207,550.9881596004335,642.0041689085108,504.0653276967002,731.9597698724,False
V02_f0000080,val,2.666666666666667,unvalidated_triangle,101.16717306052152,,385.25735162932415,,385.56260469757086,,394.7019698491887,,19487.698582561014,,881.4317476072811,,14.839361310605176,full,TopoFiberDINO Coordinate (ours),160.2570641040802,159.82675421237946,551.1185717582703,147.56228911876678,550.2538990974426,250.16666543483734,150.7064122168616,641.7209312675768,536.0656601855553,629.2000628401023,535.3256492783075,730.3645293731428,False
V02_f0000081,val,2.7,unvalidated_triangle,92.21452657548824,,347.68271377265637,,360.10440635488845,,347.6861718068511,,16030.698424513244,,800.0051047372278,,14.837272471585646,full,TopoFiberDINO Coordinate (ours),166.12597346305847,159.45400738716125,531.0366368293762,156.09525108337402,507.53546476364136,246.54113912582397,157.87787755556198,636.7755285160213,517.9715118458835,633.9902063093728,494.6497527668193,723.2068777615151,False
V02_f0000082,val,2.7333333333333334,unvalidated_triangle,101.9628609114384,,257.653096680566,,312.92867316001406,,380.17961378567554,,13135.523430120971,,795.0711478571279,,12.75734316148292,full,TopoFiberDINO Coordinate (ours),167.11415112018585,164.25767314434052,483.39632749557495,164.56799083948135,541.7990326881409,249.47723650932312,161.6953465151369,639.7524047464865,474.6238229392118,639.4015079039565,532.5837619053765,723.2887565194868,False
V02_f0000083,val,2.7666666666666666,unvalidated_triangle,106.88268039153586,,363.7993842556509,,365.4021562569102,,390.19305116759136,,19441.92665701714,,862.4778878160373,,15.82624951432982,full,TopoFiberDINO Coordinate (ours),167.94739365577698,174.73070865869522,537.7533459663391,159.87248653173447,552.2008395195007,267.1622130870819,162.28853856830503,644.8274926742358,527.3824465764822,629.8216893796391,541.743965497575,735.7351169606512,False
V02_f0000084,val,2.8000000000000003,unvalidated_triangle,95.87680667629974,,368.4587221682543,,368.473027364524,,381.5590737530774,,17663.32283676108,,845.9089077939011,,14.552480870586054,full,TopoFiberDINO Coordinate (ours),157.33461320400238,179.30849933624268,530.7197070121765,169.94814240932465,534.0112709999084,267.0778373479843,151.2001763981536,644.8771062926535,519.5610954967582,635.7883673257481,522.7704678073429,731.6114438147474,False
V02_f0000085,val,2.8333333333333335,unvalidated_triangle,99.07067532033814,,353.3514162683524,,354.7282183567069,,376.6081598475557,,17503.381717551794,,830.4070535246009,,15.191103829852606,full,TopoFiberDINO Coordinate (ours),152.39742994308472,177.9872778058052,511.91905975341797,168.59266901016235,523.3706903457642,268.3814146518707,148.0549668927737,640.4255706063705,502.6370180879917,630.2433376137833,514.186339002204,728.6385198883662,False
V02_f0000086,val,2.8666666666666667,unvalidated_triangle,115.82107367281591,,327.2252350041366,,329.6481457893857,,362.38597469243456,,18949.789025509304,,807.8551941546363,,18.497171186380196,full,TopoFiberDINO Coordinate (ours),164.99471426010132,171.49122643470764,498.788001537323,162.82185888290405,516.0045504570007,278.8687059879303,157.9571143551192,630.2815309634611,487.51088350421855,622.393992564049,504.274492261116,736.9954870053062,False
V02_f0000087,val,2.9000000000000004,unvalidated_triangle,105.12924154411007,,326.6114893685184,,390.5894371597262,,344.3446360824047,,17168.209078452255,,840.0633147862409,,14.79102639333204,full,TopoFiberDINO Coordinate (ours),174.5780110359192,170.63893115520477,571.2718534469604,176.78105026483536,511.3331651687622,265.1575480699539,171.10155279457135,625.1579496262264,561.6603164125476,630.0529043706038,502.9079289359675,717.2326863928229,False
V02_f0000088,val,2.9333333333333336,unvalidated_triangle,103.3383327080087,,366.9579052690411,,397.70764729034084,,370.348900062908,,18960.409052263054,,871.3948800612575,,14.919152309937138,full,TopoFiberDINO Coordinate (ours),159.7668743133545,176.4774647951126,561.5731501579285,163.8544641137123,524.3456625938416,261.45016503334045,150.57401393953737,628.6987116916544,548.1417305510245,618.1496159225157,510.84166206377466,714.5213747407379,False
V02_f0000089,val,2.966666666666667,unvalidated_triangle,103.66073342656695,,359.8774728811528,,363.6370538713997,,363.5445890423866,,18652.58139127988,,830.8423763403532,,16.39101270676393,full,TopoFiberDINO Coordinate (ours),162.0470541715622,181.81065797805786,529.54341173172,161.9031776189804,520.1343512535095,266.3948954343796,152.79916497214373,632.8930697252054,515.9591930929047,614.2731630766921,506.3641771559693,717.4888756581771,False
V02_f0000090,val,3.0,unvalidated_triangle,118.34230256669638,,312.10744710553917,,319.1232086233997,,362.76063861199793,,18467.75696934145,,800.226149802094,,18.605786863847392,full,TopoFiberDINO Coordinate (ours),171.06589794158936,170.31072402000427,494.5702314376831,158.1598150730133,523.9941358566284,274.54973816871643,162.52941581265605,620.7679002187872,481.4210746527173,608.6133864758249,510.4895828567879,723.3300914824515,False
V02_f0000091,test,3.0333333333333337,unvalidated_triangle,101.69443640111928,,344.7854849684692,,345.8586535627264,,368.09936524233035,,17531.382786577527,,815.652455206176,,15.986552827840057,full,TopoFiberDINO Coordinate (ours),172.42792010307312,162.65550380945206,523.9162802696228,161.83130776882172,532.2931408882141,264.8413118124008,163.29921166694663,610.69228537975,509.1564305259891,609.6960889581569,517.4533743701811,711.0514988669902,False
V02_f0000092,test,3.066666666666667,unvalidated_triangle,101.98094680550065,,363.8141745021752,,368.83871666395754,,398.5186907444505,,18551.05698849673,,869.3383542139088,,14.62040702593133,full,TopoFiberDINO Coordinate (ours),156.92908823490143,158.14552581310272,531.2349057197571,161.64991664886475,547.3034977912903,263.8920234441757,147.56078072973725,606.636244599141,516.3921786083704,608.9597869827762,532.5338283262688,709.655172456645,False
V02_f0000093,test,3.1,unvalidated_triangle,123.02635460199542,,325.69251582506763,,332.7585157759289,,377.68636277322054,,20034.38147155539,,833.4712331511449,,18.591573817963827,full,TopoFiberDINO Coordinate (ours),166.0046088695526,154.4136437177658,504.9805998802185,145.70373791456223,533.8220143318176,267.707478761673,157.00467714360258,600.9693722416438,489.61383659568,591.0005774307521,518.4282839689184,710.604973458786,False
V02_f0000094,test,3.1333333333333333,unvalidated_triangle,128.31539687373547,,376.0598652289045,,378.3129146048113,,386.01226261780505,,24127.13542756518,,892.6405740963518,,19.29506242596368,full,TopoFiberDINO Coordinate (ours),161.99611008167267,144.89131212234497,546.1492323875427,133.7015843987465,535.7228922843933,263.63546323776245,152.8309764272217,595.0567486843198,530.8798505346679,580.9248647731221,521.6711066986518,708.9093955251894,False
V02_f0000095,test,3.166666666666667,unvalidated_triangle,122.29972756470191,,389.03177504765483,,397.9595117296506,,390.93003558967007,,23789.24005117029,,911.1892748840226,,17.8077899935958,full,TopoFiberDINO Coordinate (ours),155.4496943950653,151.29246586561203,561.7776274681091,150.1791853904724,535.8106112480164,272.3213938474655,144.41201027472815,597.8511739015405,542.3632778955098,595.2896167354928,517.3735756583717,715.0090309693567,False
V02_f0000096,test,3.2,unvalidated_triangle,144.52975103693575,,398.0557115870882,,420.6233902710676,,398.14869850530255,,28765.44644725608,,963.3018398133058,,20.091977525215274,full,TopoFiberDINO Coordinate (ours),154.82412099838257,147.32516765594482,583.6725211143494,129.86741483211517,541.7309403419495,271.2557405233383,145.2928783189402,596.0874690358041,565.4336735459216,575.9442659844884,525.33220126112,714.7993013825247,False
V02_f0000097,test,3.2333333333333334,unvalidated_triangle,142.15631134551663,,365.11992185030005,,400.49598563138625,,365.80745367589657,,25952.050644500978,,908.4597506527995,,20.74953972433331,full,TopoFiberDINO Coordinate (ours),175.34342408180237,143.75080180168152,582.9223537445068,133.2940395474434,526.8575191497803,266.71081960201263,165.39351238628845,593.4457064892695,565.6813004285623,580.5336481297675,511.4744646597009,711.9491563899844,False
V02_f0000098,test,3.2666666666666666,unvalidated_triangle,123.40365026701461,,376.480502941398,,380.1770896141803,,383.0276050822979,,23229.534158665025,,886.6083449634929,,18.60529303074256,full,TopoFiberDINO Coordinate (ours),168.21244060993195,143.61393922567368,555.261390209198,137.44885921478271,539.765875339508,262.1398837566376,157.18029635418617,592.4700214672761,537.2931120651083,585.479542240281,522.376114150008,707.9782935499354,False
V02_f0000099,test,3.3000000000000003,unvalidated_triangle,102.71766388140774,,327.3376735399518,,331.1390459104509,,361.2231309496964,,16811.680563199374,,795.0798407415549,,16.325648149439502,full,TopoFiberDINO Coordinate (ours),179.64378118515015,162.48258370161057,516.274516582489,153.3789095878601,534.8427987098694,256.1746861934662,171.00912997595313,612.8837336970495,501.9711173386961,602.0564234407,520.8022491948218,703.0331878287069,False
V02_f0000100,test,3.3333333333333335,unvalidated_triangle,68.96549278636265,,350.84043340130927,,354.6071128208409,,370.9615991296925,,12097.941689451169,,794.5342047368961,,10.599064403329663,full,TopoFiberDINO Coordinate (ours),195.54920196533203,189.5271258354187,555.47367811203,192.2374038696289,565.1277709007263,261.57011902332306,183.3333636203124,638.2841695283208,537.9247261526253,641.6263365813554,547.3064568155562,709.9507269923504,False
